Ainǝwèo,prop,tisztának lenni,NGÁ NA WÙ,nyal öl áll,MD áinə wèo,Anubis isten (BR anafào > MA anəwào) népetimológiája,./compile/../csv/proper-names.csv
Dhūann,prop,erdei vadász,THU XA,fa vadászik,AN thu xan,,./compile/../csv/proper-names.csv
Ghuanèo,n,a Találkozás,QHÙ NÀ,,MA ghùa nèo,,./compile/../csv/misc.csv
Hía,prop,érdekes tárgy,XÍ YA,nézd! mond,AN xí ya,,./compile/../csv/proper-names.csv
Hôsyānn,prop,"sarkcsillag, vezérlő csillag",XÚ SÁ,farok ,BR húo sán,,./compile/../csv/proper-names.csv
Liào Nūr,prop,mosolygó hajnal; mosolygó krémzöld,,,,,./compile/../csv/proper-names.csv
Màu,prop,"valaki, senki",MÙ,"valaki, ő",,< wào màu „senki fia”,./compile/../csv/proper-names.csv
Myā̀la,prop,Myāla istennő,YÀ RA,nő ugrik [fenséges],BR myào lā,,./compile/../csv/misc.csv
Ninnhôsyānn,prop,én vezércsillagom,,,BR nin xúo sán < Šum Ninxursañ,,./compile/../csv/proper-names.csv
Nnhôsyānn,prop,én vezércsillagom,,,BR nin xúo sán < Šum Ninxursañ,,./compile/../csv/proper-names.csv
Thəréngghanu,prop,sehol-hegyek,THÁ SÁ RI XÁ NGA,sehol hegy,BR thásáili-xáiñganū,,./compile/../csv/proper-names.csv
Umm Rwaqhǔy,epith,széttrollkodás öreganyja,,rágós szavak öreganyja,,,./compile/../csv/proper-names.csv
ai,v,nyal,NGÁ,,ngá,,./compile/../csv/root-words.csv
áine,adj,tiszta,NGÁ NGÍ,nyal én,PR ngángí,,./compile/../csv/misc.csv
ainn,v,mosakszik,NGÁ NGA,nyal hát,PR ngánga,,./compile/../csv/misc.csv
ā́inn,n,"idegesség, kényelmetlenség",NGÁ NGÍ,mosakszik,MA áinnə,,./compile/../csv/misc.csv
áinya,adj,tiszta,NGÁ NGÍ,nyal én,PR ngángí,,./compile/../csv/misc.csv
aiyṑgh,adv,legalább,YÙ,gyerek > kicsi,,,./compile/../csv/misc.csv
alā̀gh,adv,legfeljebb,RA,ugrik > nagy,,,./compile/../csv/misc.csv
amā̀gh,adv,jobban,,,,,./compile/../csv/misc.csv
amm,adv,vissza,WÀ,megy,wam,,./compile/../csv/post-positions.csv
āo,v,nyit,NGÀ,harap,,,./compile/../csv/misc.csv
àong,adj,nyitott,NGÀ,harap,PR ngàng,,./compile/../csv/misc.csv
àong,v,kitátja a száját,NGÀ,harap,PR ngàng,,./compile/../csv/misc.csv
asyīqh,n,házi patkány,,,,,./compile/../csv/animals.csv
awammū̀,n,"gond, jövés-menés",WÀ,megy jön,AN afàmū,,./compile/../csv/misc.csv
āya,adj,lenyűgöző,YÍ,,,,./compile/../csv/misc.csv
āzyə,pref,öreg,SÍ,fél,$,,./compile/../csv/misc.csv
āzyəmūth,n,sas,SÍ MU THA,,,,./compile/../csv/animals.csv
dhao,v,mászik,THÀ,,thà,,./compile/../csv/root-words.csv
dhàu,v,mindjárt,THÙ,,thù,"> az, ott, közel",./compile/../csv/root-words.csv
dhei,num,egy,THÍ,orr,,,./compile/../csv/misc.csv
dhei,pron,oda,THÁ,ott,,,./compile/../csv/post-positions.csv
dhei,adv,majd,THÁ,,,,./compile/../csv/misc.csv
dhéi rā,adv,először,THÁ RA,orr + ugrik,,,./compile/../csv/misc.csv
dhei syiéng,pron,egyikünk,THI SI NGÍ,,thei syangi ? thì si ngí,,./compile/../csv/misc.csv
dhū,n,fa,THU,,thu,,./compile/../csv/root-words.csv
dhunn,n,erdő,THU,fa,AN thun,,./compile/../csv/misc.csv
dhúo,n,test,THÚ,,thú,,./compile/../csv/root-words.csv
dhūqh,n,"rúd, farönk, oszlop",THU QHÚ,fa + farok,,,./compile/../csv/misc.csv
dhy̌,pron,hol?,THÌ,,thì,,./compile/../csv/root-words.csv
dhǝ syer,num,egyszer,THÍ,,+ zyer idő,,./compile/../csv/misc.csv
dhǝ syer thǝsyer,adv,előbb-utóbb,,egyszer soha,,,./compile/../csv/misc.csv
emégh,v,jóllakik,MÍ,,ngímíng,,./compile/../csv/root-words.csv
emégh,adj,"jóllakott, elégedett",MÍ,,ngímíng,,./compile/../csv/root-words.csv
êy,n,mindjárt; ott,YÁ,"nyúl > elfut, menekül",PR yái,,./compile/../csv/misc.csv
fā,n,láb,FA,,fa,,./compile/../csv/root-words.csv
fā,v,lép,FA,,fa,,./compile/../csv/root-words.csv
fadh,n,"fordulat, visszavágás, csapás; érv",FA THA,fordul karom,PR faa tha,,./compile/../csv/misc.csv
fāfa,v,járkál,,,,,./compile/../csv/misc.csv
fal,n,láb,FA RA,láb,PR fa ra,,./compile/../csv/misc.csv
fann,n,lépés,FA,,fan,,./compile/../csv/root-words.csv
fáy,v,sétál,FA YÍ,láb ugrik,PR fa yí,,./compile/../csv/misc.csv
féa,n,"lélek, életerő",FÍ,,fía,,./compile/../csv/root-words.csv
fei,adj,puha,FI,,fii,,./compile/../csv/root-words.csv
féia,adj,meleg,FÍ,,fíia,,./compile/../csv/root-words.csv
fǐ,v,"visz, akar",FÌ,,fìi,,./compile/../csv/root-words.csv
fǐ,n,akarat,FÌ,,fì,,./compile/../csv/root-words.csv
fidh,prep,mellett,FI,szőr,,,./compile/../csv/post-positions.csv
fǐnn,n,választott,FÌ,,fìn,,./compile/../csv/root-words.csv
fīr,v,küld,FÌ,visz + művelt.,PR fì ra,,./compile/../csv/misc.csv
fisya,adj,puha,FI,szőr,,,./compile/../csv/misc.csv
fiyāgh,adv,mégis,FÌ,,,,./compile/../csv/misc.csv
fiənnaqh,n,zsákmány (gyereknek),FÌ NA,visz öl,BR fìenaqh,,./compile/../csv/misc.csv
foa,v,fordul,FA,láb,faa,,./compile/../csv/root-words.csv
foa,n,sarok,FA,,PR faa,,./compile/../csv/misc.csv
foannà,n,kisméretű állat,,,,,./compile/../csv/animals.csv
fuoa,n,"könyök, térd",FA FA,láb > hajlik,AN fafaa,,./compile/../csv/misc.csv
fȳ,n,tojás,FU,,,,./compile/../csv/animals.csv
fyair,n,tető,FÁ RA,"hegy, csúcs",PR fá ra,,./compile/../csv/misc.csv
fyair,adj,magas,FÁ RA,"hegy, csúcs",PR fá ra,,./compile/../csv/misc.csv
fyê,n,meleg,FÍ,,fí,,./compile/../csv/root-words.csv
fyegh,n,felszín,FI,szőr,,,./compile/../csv/misc.csv
fyī,n,szőr,FI,,fi,,./compile/../csv/root-words.csv
fyifyi,adj,sűrű,FI FI,szőr szőr,,,./compile/../csv/misc.csv
fyizyu,n,"fű, gyep",FI SU,szőr növény,fisu > fisyu > fizyu,,./compile/../csv/misc.csv
fyoum,v,veszít,FÚ,üt,?,,./compile/../csv/misc.csv
fyy̌,v,"dönt, választ",FÌ,,fì,,./compile/../csv/root-words.csv
fÿyə,prep,miatt,FÌ,akar,,,./compile/../csv/post-positions.csv
fÿyə qhē,conj,mert,FÌ,mert az,,,./compile/../csv/misc.csv
fyərúa,n,"ház, épület",FÍ RÚ,meleg benn,AN fyérúa,,./compile/../csv/misc.csv
fıwaí,n,bőr,FI WÁ,puha fül,feiwai,,./compile/../csv/animals.csv
ghā,v,harap,NGÀ,,ngà,,./compile/../csv/root-words.csv
ghadh,prep,"rajt, rajta",NGA,hát,,,./compile/../csv/post-positions.csv
ghainyā,v,elszakad,NGÀ,,,,./compile/../csv/misc.csv
ghainyā,adj,szükséges,QHA,vadászik > éhes,,,./compile/../csv/misc.csv
ghanào,v,érez,QHÙ NÀ,szag észrevesz,BR qhàù nào,,./compile/../csv/misc.csv
ghann,n,hegy,NGA,,ngan,,./compile/../csv/root-words.csv
ghào,pron,ki? mi?,QHÀ,,xà,,./compile/../csv/root-words.csv
ghào fye,pron,miért,FÌ,akar,,,./compile/../csv/misc.csv
ghā̀qh,pron,hova,QHÀ QHÙ,,,,./compile/../csv/misc.csv
ghásy,n,tűz,NGA SÁ,harap fény,PR ngasyá,,./compile/../csv/misc.csv
ghasya,v,marakodik,NGA SA,harap bánt,,,./compile/../csv/misc.csv
ghasye,n,éget,NGA SÁ,harap fény,PR ngasyá,,./compile/../csv/misc.csv
ghau,n,szag,QHÙ,"szag, nyom",,,./compile/../csv/misc.csv
ghàu,n,szag,QHÙ,,xù,,./compile/../csv/root-words.csv
ghaum,v,talál,QHÙ,nyom,,,./compile/../csv/misc.csv
ghaÿa,adj,"szagos, követhető, érthető, felismerhető",QHÙ,,qhù + ia > ghauia > ghaÿa,,./compile/../csv/misc.csv
gheir,v,zúg,,,,,./compile/../csv/misc.csv
ghenn,conj,"úgyhogy, tehát, így",,,,,./compile/../csv/misc.csv
ghī,n,gömb,NGI,,ngi,,./compile/../csv/root-words.csv
ghia,n,egész,NGI,kör,,,./compile/../csv/misc.csv
ghiər,v,gyorsan fut,QHÌ RA,fut ugrik,PR qhìi ra,,./compile/../csv/misc.csv
ghiərēi,n,autó,QHÌ RA,fut ugrik,MD ghiər rēi,,./compile/../csv/misc.csv
ghonao,v,"találkozik, együtt van, tapasztal",QHÙ NÀ,nyom észrevesz,,,./compile/../csv/misc.csv
ghosyá,n,tegnap,QHÙ SÁ,nyom nap,,,./compile/../csv/misc.csv
ghòu wao,v,eljut,QHÙ WÀ,,,,./compile/../csv/misc.csv
ghū,n,béka,NGU,,ngu,,./compile/../csv/root-words.csv
ghǔnn,n,nyom,QHÙ,,xùn,,./compile/../csv/root-words.csv
ghùo,n,út,QHÙ,"szag, nyom",xùu,,./compile/../csv/root-words.csv
ghūr,adj,szürkésbarna,QHU,egér,,,./compile/../csv/colors.csv
ghÿ,v,fut,QHÌ,,xì,,./compile/../csv/root-words.csv
ghỳ,pron,te (desp.),NGU SÌ,hideg béka,PR ñu sì,,./compile/../csv/misc.csv
ghẏa,adj,finom,NGÌ,máj,ngìa,,./compile/../csv/root-words.csv
hái,n,fej,QHÁ,,xá,,./compile/../csv/root-words.csv
hânn,n,homlok,QHÁ,,xán,,./compile/../csv/root-words.csv
hánnghan,n,hegycsúcs,QHÁ NGA,fej gerinc > hegy feje,AN xáin gan,,./compile/../csv/misc.csv
hasya,n,szél,SA SA,,,,./compile/../csv/misc.csv
hasyéi,n,szín,SÁ SÁ,nappal nappal,,,./compile/../csv/misc.csv
hê,pron,ti,QHÍ,,xí,,./compile/../csv/root-words.csv
headh,prep,előtt,QHÁ,fej,,,./compile/../csv/post-positions.csv
hisyo,n,fészek,SI SU,,,,./compile/../csv/animals.csv
hizya,v,rohan,QHÌ,fut,,,./compile/../csv/misc.csv
hòa,n,"utolsó, végső",QHÚ,farok,AN húà,,./compile/../csv/misc.csv
hoadh,prep,mögött,QHÚ,farok,,,./compile/../csv/post-positions.csv
hua,prep,után,QHÙ,,,,./compile/../csv/misc.csv
huann,n,"osztályrész, juss",QHU NA,egér öl,AN qhua na,,./compile/../csv/misc.csv
huann ghā,v,jut valakinek,QHU NA,egér öl,,,./compile/../csv/misc.csv
húdh,n,mögött,QHÚ,farok,xúthá,,./compile/../csv/root-words.csv
hui,num,kettő,,,,,./compile/../csv/numerals.csv
huígh,adj,hosszú,QHÚ QHÚ,,,,./compile/../csv/misc.csv
huinádh,n,vízimadár,QHÚ NA,hosszú nyak,,,./compile/../csv/animals.csv
huinádhə osyȳ̀,n,"gém, kócsag",,hosszú nyak csőr,,,./compile/../csv/animals.csv
huinadhə rya,n,hattyú,,,,,./compile/../csv/animals.csv
huio,n,üreg (embernél kisebb),QHÙ,kicsi farok,qhú yì,,./compile/../csv/animals.csv
huio fayáng,n,alagút (emberméretű),,sétál farok,qhú yì fa ra,,./compile/../csv/animals.csv
húo,n,farok,QHÚ,,xú,,./compile/../csv/root-words.csv
idhuao,v,hagy,THÚ WÀ,,,,./compile/../csv/misc.csv
iyi zyer,expr,néha,,néhány idő,iyi syeru,,./compile/../csv/misc.csv
iyiadh,adv,néhol,,néhány hely,,,./compile/../csv/post-positions.csv
iyò,adj,kicsi,YÌ,,yìu,$,./compile/../csv/root-words.csv
lā,adj,nagy,RA,ugrik > magas > nagy,ra,$,./compile/../csv/root-words.csv
lā,v,ugrik,RA,,ra,$,./compile/../csv/root-words.csv
lā,v,történik,RA,ugrik,ra,$,./compile/../csv/root-words.csv
lānào,v,"ért, felfog",RA NÀ,ugrik + észrevesz,BR la nào,,./compile/../csv/misc.csv
liào,n,hajnal,RI,szürke,AN rià,,./compile/../csv/misc.csv
liào,adj,"krémszínű szőrű, szürkésrózsaszín",RI,szürke > hajnal,AN rià,,./compile/../csv/misc.csv
liáo,adj,"szürkésrózsaszín, krémszínű szőr",RI ,hajnal,riao,,./compile/../csv/colors.csv
liara,adj,fekete-fehér,RI ,fehér,,,./compile/../csv/colors.csv
liara,adj,"kontrasztos, látványos",,fekete-fehér,,,./compile/../csv/colors.csv
liaryō,adj,nagy foltos,RI ,fehér,< liara,,./compile/../csv/colors.csv
lilyà,n,holnap,RI RI,este nap,liào,,./compile/../csv/misc.csv
limūth,n,bagoly,RI MU THA,,,,./compile/../csv/animals.csv
linn,n,éjszaka,RI ,,rin,,./compile/../csv/root-words.csv
linyê,n,szürkület,RI NÍ,éj szürkület,MA li nyê,,./compile/../csv/misc.csv
līr,n,"hely, ülőhely, fekvőhely",SÁ RI RA,idő ugrik,BR syáili ra,< syılīr,./compile/../csv/misc.csv
lua,v,ás,RU,,rua,,./compile/../csv/root-words.csv
lūgh,adj,mély,RU,,rung,,./compile/../csv/root-words.csv
lūnn,adj,gödör,RI~RU,éjszaka~gödör,run,,./compile/../csv/root-words.csv
lūy,adj,mély,RU,,ruia,,./compile/../csv/root-words.csv
lwadh,prep,lent,RU,mély,,,./compile/../csv/post-positions.csv
lwarei,n,padló,RU RÁ,,,,./compile/../csv/misc.csv
lwaruo,adv,odalent,RU RÚ,,,,./compile/../csv/misc.csv
lwoyə,n,tó,RU WÍ,mély,AN luwíi,,./compile/../csv/misc.csv
lya,adj,szürke,RI ,éjszaka,ri + ya > riya,,./compile/../csv/misc.csv
lya,prep,rá,RA,,,,./compile/../csv/misc.csv
lya,adj,"világosszürke, fehér",RI ,éjszaka,ria,,./compile/../csv/colors.csv
lyā,adj,világos,RI ,fehér,,,./compile/../csv/colors.csv
lyā,v,hív,YA,,,,./compile/../csv/misc.csv
lyadh,prep,rajta,RA THÌ,ugrik itt,,,./compile/../csv/misc.csv
lyéi,n,ma,RI,nap,,,./compile/../csv/misc.csv
ly̌gh,n,"mélység, szakadék",RU,,rung,$ tone change onomatopoeic,./compile/../csv/root-words.csv
lẏrái,n,alagút,RU RÁ,gödör,PR rurá,,./compile/../csv/misc.csv
ma,n,pocok,WA,,wa,,./compile/../csv/animals.csv
mā,n,pocok,WA,,wa,,./compile/../csv/root-words.csv
mā,n,"mancs, kéz",MA,,ma,,./compile/../csv/root-words.csv
mā̀,adj,jó,MÀ,,,,./compile/../csv/misc.csv
mǎ,adj,jóllakott,MÀ,,màa,,./compile/../csv/root-words.csv
màa,n,"jóllakottság, béke",MÀ,,màa,,./compile/../csv/misc.csv
mae,prep,vele,MÁ,"család, társaság",,,./compile/../csv/misc.csv
maè,adj,finom,MÀ,,,,./compile/../csv/misc.csv
maedh,n,otthon,MÁ,,,,./compile/../csv/misc.csv
mā̀gh,adv,jól,MÀ,,,,./compile/../csv/misc.csv
mai,v,hall,WÁ,,wá,,./compile/../csv/root-words.csv
maí,n,fül,WÁ,,wá,,./compile/../csv/root-words.csv
mái,n,család,MÁ,,má,,./compile/../csv/root-words.csv
màmao,adv,egyre,WÀ WÀ,megy megy,,,./compile/../csv/misc.csv
mào,v,megy,WÀ,,wà,,./compile/../csv/root-words.csv
māo ,adj,jószagú,MÀ,,,,./compile/../csv/misc.csv
marā,v,eltapos,MA RA,mancs ugrik,,,./compile/../csv/misc.csv
marəgh,n,szárny,MA RA,<> per. morgh?,,,./compile/../csv/animals.csv
màu,n,valaki,MÙ,,mù,,./compile/../csv/root-words.csv
mayào,n,ember (Felis cattus),MÙ,valaki,BR màu yào,,./compile/../csv/root-words.csv
mê,adj,tele,MÍ,,mí,,./compile/../csv/root-words.csv
měadh,n,"rend, közösség, igazság",MÁ,család,AN máathù,,./compile/../csv/misc.csv
mei,n,testvér,MÁ,család ~ alom,,,./compile/../csv/misc.csv
méi,n,testvér,MÍ,,míi,,./compile/../csv/root-words.csv
meinnà,n,emberméretű állat,,,,,./compile/../csv/animals.csv
mèo,n,elégedettség,MÀ,,màu,,./compile/../csv/misc.csv
mfyeàm,n,"küldönc, futár",FÌ,,MA fìe fàm,,./compile/../csv/misc.csv
mì,conj,csak,,,,,./compile/../csv/misc.csv
mī,n,csont,WI,,wi,,./compile/../csv/root-words.csv
mìa,adj,rugalmas,MÌ,,mìa,,./compile/../csv/root-words.csv
miedh,prep,alatt,MÍ,"emlő, has",,,./compile/../csv/post-positions.csv
mih,n,ág,WI SU,,AN wi éa su,,./compile/../csv/misc.csv
mīsy,adj,szép,MÀ,"jóllakott, jó",,,./compile/../csv/misc.csv
mô,v,ül,MÚ,,mú,,./compile/../csv/root-words.csv
moi,v,"fürdik, úszik (vízben)",WÙ,hal,,,./compile/../csv/misc.csv
móu,n,tyúk,MÚ,,múu,,./compile/../csv/root-words.csv
msyie,n,veszélyes állat,MU SÍ,,,,./compile/../csv/animals.csv
mū,n,"nagy állat, úr, antróp",MU,,mu,,./compile/../csv/root-words.csv
muadh,adj,erős,MU,,,,./compile/../csv/misc.csv
mui,n,ragadozó,MU,,mui,,./compile/../csv/root-words.csv
muó zyỳra,n,csirke (fajnév),MÚ RA,balfasz gyöngytyúk,múu zyÿ·ra,,./compile/../csv/animals.csv
mūsya,v,ordít,MU SA,,?,,./compile/../csv/misc.csv
mūth,n,sólyom,MU THA,nagy állat karom,,,./compile/../csv/animals.csv
mwē,n,"nagy állat, úr, 2. antróp",MU,,,,./compile/../csv/animals.csv
mwēho,n,antróp (Homo sapiens),MU QHU,egerek ura,AN muéa qhū,,./compile/../csv/misc.csv
mwezyiào,n,gonosz szellem,MU SA YÀ,,musayà > muzayào > mweziào,,./compile/../csv/religion.csv
mwezyiào,n,boszorkány,MU SA YÀ,,musayà > muzayào > mweziào,,./compile/../csv/religion.csv
mwezyío,n,varázsló,MU SA YÚ,,musayú > muzayó > mwezío,,./compile/../csv/religion.csv
mwezyío,n,gonosz szellem,MU SA YÚ,,musayú > muzayó > mwezío,,./compile/../csv/religion.csv
mwie,adj,felső,WÁ,,,,./compile/../csv/misc.csv
mwío,n,öregember,MU YÚ,,BR mu yó,,./compile/../csv/misc.csv
mwó,n,gyöngytyúk,MÚ,,múu,,./compile/../csv/animals.csv
mwosyə qhīqhanng,n,"bagoly, macskabagoly",,,darabokban kiköp,,./compile/../csv/animals.csv
mwÿ nṑgh,n,örvös galamb,MU WÌ,,mu wì nu·gh,,./compile/../csv/animals.csv
my̌,n,rigó,WÌ,,wì,,./compile/../csv/root-words.csv
mÿ,n,rigó,WÌ,,wì,,./compile/../csv/animals.csv
mÿ,conj,de,,,,,./compile/../csv/misc.csv
mÿ liara,n,szarka,WÌ RI RU,,,,./compile/../csv/animals.csv
mÿ nṑgh,n,galamb,WÌ,,,,./compile/../csv/animals.csv
mÿ yánng,n,szajkó,WÌ YA,rigó beszél,,,./compile/../csv/animals.csv
mÿ zyūr,n,harkály,,rigó vörös,,,./compile/../csv/animals.csv
mya,v,tartozik vhova > birtokol,MÁ,,má,,./compile/../csv/root-words.csv
myāgh,adv,így,MÀ,,màng,,./compile/../csv/misc.csv
myā̀gh,adj,elég,MÀ,,,,./compile/../csv/misc.csv
myaió,n,lány,YÀ,,,,./compile/../csv/misc.csv
myǎng,interj,igen,MÀ,,màng,,./compile/../csv/root-words.csv
myào,adj,jó,MÀ,,mà,,./compile/../csv/root-words.csv
myê,n,tej,MÍ,,mí,,./compile/../csv/root-words.csv
myê,v,szopik,MÍ,,mí,,./compile/../csv/root-words.csv
myēao,n,"bölcs ember, tanító",YA YA,,$,,./compile/../csv/misc.csv
myī,v,ül $,MI,,mi,,./compile/../csv/root-words.csv
myirao,v,elkezd,RA,ugrik,,,./compile/../csv/misc.csv
myô,n,férfi,YÚ,,yú,,./compile/../csv/root-words.csv
myu,n,pillanat,,,,,./compile/../csv/misc.csv
myy̌,n,porc,MÌ,,mì,,./compile/../csv/root-words.csv
mÿya,adj,rugalmas,MÌ,növény,,,./compile/../csv/misc.csv
mÿyū,n,sirály,WÌ YU,rigó kacsa,,,./compile/../csv/animals.csv
mıyā̀,n,felnőtt nő,MÍ YÀ,tej női,PR mí yàa,,./compile/../csv/misc.csv
nā,n,öl,NA,,na,,./compile/../csv/root-words.csv
nǎ,v,tud,NÀ,,nàa,,./compile/../csv/root-words.csv
nagh,n,zsákmány,NA QHA,,PR naxa,,./compile/../csv/misc.csv
nàgh,n,nyak,NA,öl,PR na ngà,,./compile/../csv/misc.csv
nāgh,n,halandó,NA,,,,./compile/../csv/animals.csv
nāgh,n,zsákmányállat,NA,,,,./compile/../csv/animals.csv
nānao,v,gondolkodik,NÀ NÀ,,,,./compile/../csv/misc.csv
nānào,v,megért,NA NÀ,észrevesz öl,BR na nào,,./compile/../csv/misc.csv
nānào,n,megértés,NA NÀ,észrevesz öl,BR na nào,,./compile/../csv/misc.csv
nann,n,lehetőség,NA,öl,,,./compile/../csv/misc.csv
nànn,n,gondolat,NÀ,,,,./compile/../csv/misc.csv
nànn,n,lény,NÀ,mozgás,nàn,,./compile/../csv/root-words.csv
nannā,v,játszik [vadászót],NA NA,öl,,,./compile/../csv/misc.csv
nànng,adj,"szaggatott, szabálytalan",NGÀ,harap,,,./compile/../csv/colors.csv
nao,v,észrevesz,NÀ,,nà,,./compile/../csv/root-words.csv
nàoi,n,isten,NÀ FÌ,tud akar,BR nào fỳ,,./compile/../csv/religion.csv
naonnə syiao,expr,műveltség,YA,hagyomány ismerete,,,./compile/../csv/misc.csv
naor,v,felélénkül,NÀ,,,,./compile/../csv/misc.csv
nàyə,prep,mint,NÀ,kép,,,./compile/../csv/misc.csv
nàyə ghào?,pron,milyen,NÀ QHÀ,,,,./compile/../csv/misc.csv
néi,n,anya,NÁ,,ná,,./compile/../csv/root-words.csv
neirī,n,tegnap,NÍ RI,hajnal nap,,,./compile/../csv/misc.csv
nêmaiyō,n,egyszerre született testvér,NI MÁ,,BR ni máiū,,./compile/../csv/misc.csv
nenn,n,vagina,NI,,nini,ninn?,./compile/../csv/root-words.csv
nénn,n,nyugat,NÍ NA,,nína > nín > nen > nenn ,,./compile/../csv/misc.csv
nenwa,num,öt,,nuen ua,,,./compile/../csv/numerals.csv
nenwam,num,nyolcvan,,,,,./compile/../csv/numerals.csv
ngā,n,hát,NGA,,nga,,./compile/../csv/root-words.csv
ngǎ,v,képes valamire (+inf),NGÀ,harap,BR ngàa,,./compile/../csv/misc.csv
ngadh,post,mentén,NGA,hát,,,./compile/../csv/post-positions.csv
ngàdh,n,eunuch (eredetileg férfi),NGÙ,here,ngù thà,,./compile/../csv/misc.csv
ngao,v,harap,NGÀ,,ngà,,./compile/../csv/root-words.csv
ngao,v,csinál,NGÀ,harap,,,./compile/../csv/misc.csv
ngār,n,fal,NGA RA,hát ugrik,,,./compile/../csv/misc.csv
ngefye,v,hoz nekem,NGÍ FÌ,,,,./compile/../csv/misc.csv
ngefyū,v,kell,FÌ WU,,,,./compile/../csv/misc.csv
ngī,v,alszik,NGI,,ngi,,./compile/../csv/root-words.csv
ngia,pron,én,NGÍ,,ngía,,./compile/../csv/root-words.csv
ngidh,prep,körül,NGI,kör,,,./compile/../csv/post-positions.csv
ngidhū,n,gyümölcs,NGI THU,gömb fa,BR ngiéa thu ,,./compile/../csv/misc.csv
nginn,n,"tekercs, alvó ember",NGI,,PR ngin,,./compile/../csv/misc.csv
ngǐnn,n,orvosság,NGÌ,máj,ngìn,,./compile/../csv/root-words.csv
nginnīr,v,felébred,NGI NI,álom születés,,,./compile/../csv/misc.csv
nginnı zyuarye,expr,girosz,,fűszeres hústekercs,,,./compile/../csv/misc.csv
ngio,v,összetekeredik,NGI,,ngiu,,./compile/../csv/root-words.csv
ngīr,v,forog,NGI,,PR ngi ra,,./compile/../csv/misc.csv
ngo,prep,ellen,NGÚ,ellenség,,,./compile/../csv/post-positions.csv
ngô,n,ellenség,NGÚ,,ngú,,./compile/../csv/root-words.csv
ngua,adj,beteg,NGÚ,,ngúa,,./compile/../csv/root-words.csv
nguayə fā ,n,fáradtság,NGÚ FA,a láb betegsége,,,./compile/../csv/misc.csv
ngúi,n,betegség,NGÚ,,ngúi,,./compile/../csv/root-words.csv
ngùo,n,here,NGÙ,,ngù,,./compile/../csv/root-words.csv
ngy̆,n,máj,NGÌ,,ngì,,./compile/../csv/root-words.csv
ngınèo,n,álom,NGI NÀ,alszik lát,BR ngi nèo,,./compile/../csv/misc.csv
nī,prep,elő,NI,vagina,,,./compile/../csv/post-positions.csv
nī,prep,ki,NI,vagina,,,./compile/../csv/post-positions.csv
nîa,n,horizont,NÍ,,nía,nyéa,./compile/../csv/root-words.csv
niagh,n,tér,NÍ,hajnal > horizont,,,./compile/../csv/misc.csv
niao,v,mozog,NÀ,,nài,,./compile/../csv/root-words.csv
niao nyô,v,átgondol,NÀ NÚ ,újra gondol,MA niao nyô,,./compile/../csv/misc.csv
niara,v,repül,NÍ RA,,,,./compile/../csv/animals.csv
niaráng,n,madár,NÍ RA,,,,./compile/../csv/animals.csv
niaryái,n,fecske,NÍ YÁ,repül nyúl,,,./compile/../csv/animals.csv
nìgh,n,étel,NÌ,,nìxu,,./compile/../csv/root-words.csv
nihādh,adv,tovább,NI QHÚ,,,,./compile/../csv/post-positions.csv
nīr,n,"üreg, járat",NI,,,,./compile/../csv/misc.csv
nira,n,rés,NI,,,,./compile/../csv/misc.csv
nirou,n,"barlang, terem, szoba",NI RÚ,,,,./compile/../csv/misc.csv
nirou fyḗ,n,szoba,FÍ,,,,./compile/../csv/misc.csv
nn,conj,hogy,,,,,./compile/../csv/misc.csv
nndhào,n,eunuch (eredetileg nő),NÚ,szül,nú thà,,./compile/../csv/misc.csv
no,conj,is,NÚ,,,,./compile/../csv/misc.csv
nofyair,n,tökéletesség,NU FÁ RA,szív magas,PR nu fyáila,,./compile/../csv/misc.csv
nōgh,n,patkány,NÙ,,nùxu,$,./compile/../csv/root-words.csv
nṑgh,n,vándorpatkány,NÙ,,nùxu,,./compile/../csv/animals.csv
nṓgh,adv,megint,NÚ,,núng,,./compile/../csv/misc.csv
nói,v,teremt,NÚ,,PR núi,,./compile/../csv/religion.csv
noígh ,pt,teremtő,NÚ,,AN nóixu > nywíqh ~ nói,,./compile/../csv/religion.csv
nōragh,n,bánat,NU,mosoly,BR nura qhu,,./compile/../csv/misc.csv
nōsy,prep,kívül,NÚ,szül,,,./compile/../csv/post-positions.csv
nū,n,"középpont, közép",NU,,,,./compile/../csv/misc.csv
nū,n,szív,NU,,nu,,./compile/../csv/root-words.csv
nūdh,post,közepén,NU,,,,./compile/../csv/post-positions.csv
nummu,n,"dögevő madár, keselyű, varjú",,šum. numma keselyű?,,,./compile/../csv/animals.csv
nūn,num,hét,,,,,./compile/../csv/numerals.csv
nūr,v,mosolyog (dorombol),NU,,nuru $,,./compile/../csv/root-words.csv
nūy,adj,nagyszerű,NU,,nui $,,./compile/../csv/root-words.csv
nū̀y,adj,"kékesszürke, teltszürke",NÙ,patkány,,,./compile/../csv/colors.csv
nū̀y,adj,telt színű,NÙ,patkány,,,./compile/../csv/colors.csv
nwēn,num,négy,,,,,./compile/../csv/numerals.csv
nwēn ham,num,hatvannégy,,,,,./compile/../csv/numerals.csv
nwēni,num,hat,,nwen ui,,,./compile/../csv/numerals.csv
ny̌,v,eszik,NÌ,,nì,,./compile/../csv/root-words.csv
nyâ,n,anyám,NÁ,,ná,,./compile/../csv/root-words.csv
nyahōr,n,odú,NGI QHÚ RÚ,otthon farok bent,,,./compile/../csv/animals.csv
nyāia,adj,fájdalmas,,,,,./compile/../csv/misc.csv
nyainā,n,zsákmány madár,,,,,./compile/../csv/animals.csv
nyām,v,születik,NÚ,szül,,,./compile/../csv/misc.csv
nyang,v,szeret,NÁ NGI,anya alszik,AN ná ñi,,./compile/../csv/misc.csv
nyang qhen,pron,ugyanaz,[NA NGI] QHEN,nangi thái > nyang qhen ,,,./compile/../csv/misc.csv
nyann,interj,szóval,,,,,./compile/../csv/misc.csv
nyànn,n,"lény, élőlény",NÀ,,,,./compile/../csv/animals.csv
nyanng,n,"szeretés, szeretet",NÁ NGI,anya alszik,< nyang,,./compile/../csv/misc.csv
nyánngī,n,apró énekesmadár,NÍ NGI,„pufók madár”,,,./compile/../csv/animals.csv
nyánngı zyūr,n,vörösbegy,,énekesmadár vörös,,,./compile/../csv/animals.csv
nye,v,változik,NÍ,hajnal,,,./compile/../csv/misc.csv
nyê,n,"szürkület, hajnal",NÍ,,ní,,./compile/../csv/root-words.csv
nyeang,adj,tágas,NÍ,hajnal > horizont,,,./compile/../csv/misc.csv
nyedh,prep,"túl, messze",NÍ,hajnal > horizont,,,./compile/../csv/post-positions.csv
nyéi,n,tér,NÍ,,níi,,./compile/../csv/root-words.csv
nyer,n,ég,NÍ RA,tér fel,BR níra,,./compile/../csv/misc.csv
nyô,n,szül,NÚ,,nú,$,./compile/../csv/root-words.csv
nyóa,adj,új,NÚ,,núa,$,./compile/../csv/root-words.csv
nyói,n,teremt,NÚ,,núi,$,./compile/../csv/root-words.csv
nÿr,v,megesz,NÌ,,nìr,,./compile/../csv/misc.csv
nȳr,n,félidő,NU SÁ,,AN nu sáili,,./compile/../csv/misc.csv
nÿwagh,adv,biztosan,NÌ FÌ,eszik visz,,,./compile/../csv/misc.csv
nyəméi,n,"föld, ország",NÍ MÁ,tér család,MA nyə méi,,./compile/../csv/misc.csv
ó,post,ellen,NGÚ,ellenség,PR ngú,,./compile/../csv/misc.csv
ô,n,fog,WÚ,,wú,úo,./compile/../csv/root-words.csv
ōnen,num,tizenkettő,,,,,./compile/../csv/numerals.csv
ōnenwa,num,tizenhárom,,,,,./compile/../csv/numerals.csv
osyȳ̀,n,kés,WÚ SÌ,fog hideg,BR ù sỳ,,./compile/../csv/misc.csv
osyȳ̀,n,csőr,WÚ SÌ,fog hideg,,,./compile/../csv/animals.csv
"ouyā, wia-",adj,több,,,,,./compile/../csv/misc.csv
qhā,v,vadászik,QHA,,xa,,./compile/../csv/root-words.csv
qhar,n,"lejtő, domboldal",QHÁ,,BR qháru,,./compile/../csv/misc.csv
qhar,v,lecsap,QHA,vadászik,,,./compile/../csv/misc.csv
qheir,pron,másik,,,,,./compile/../csv/misc.csv
qheir,pron,többi,THÌ,,,,./compile/../csv/misc.csv
qheirÿ màu,pron,"többiek, többi ember",THÌ,,,,./compile/../csv/misc.csv
qhesyiqh,v,zörög,,[hangutánzó],,,./compile/../csv/misc.csv
qhī,v,esik (eső),QHI,,xi,,./compile/../csv/root-words.csv
qhi syḕ,num,ennyi,,ez sok,,,./compile/../csv/misc.csv
qhiangī,n,unalom,QHI NGI,,,,./compile/../csv/misc.csv
qhìm,n,"esik, zuhan",QHI,,ximù,,./compile/../csv/root-words.csv
qhio,n,eső,QHI,,xiu,,./compile/../csv/root-words.csv
qhīqh,v,"tüsszent, kiköp",QHI,eső,AN qhiqhi,,./compile/../csv/misc.csv
qhīqh zyuái,expr,köp,,,,,./compile/../csv/misc.csv
qhiqhī,n,por,QHI,,MA qhī qhī,,./compile/../csv/misc.csv
qhiyāgh,adv,rosszul,QHI,"eső, rossz idő",,,./compile/../csv/misc.csv
qhoadh,n,vég,QHÚ + THÌ,,,,./compile/../csv/misc.csv
qhoanā,n,zsákmány emlős,,,,,./compile/../csv/animals.csv
qhòi pl. qhǔi,n,szó,QHÙ,nyom,PR qhúi,,./compile/../csv/misc.csv
qhor,v,elfárad,QHÙ,,,,./compile/../csv/misc.csv
qhū,n,egér,QHU,,xu,,./compile/../csv/animals.csv
qhua,n,"falat, darab",QHU,egér,AN qhua,,./compile/../csv/misc.csv
qhȳr,n,ész,QHÌ,fut,,,./compile/../csv/misc.csv
qhÿradh,adj,okos,QHÌ,fut,,,./compile/../csv/misc.csv
qhı,conj,és,,,,,./compile/../csv/misc.csv
rǎ,n,szexuális aktus,RÀ,,ràa,$,./compile/../csv/root-words.csv
rāgh,adv,nagyon,RA,,,,./compile/../csv/misc.csv
rái,n,"dolog, tárgy",RÁ,,rá,$,./compile/../csv/root-words.csv
raiá,adj,sötétszürke,RÁ,föld,linn·ya,,./compile/../csv/colors.csv
rào,v,szexel,RÀ,,rà,$,./compile/../csv/root-words.csv
riuqh,adj,folytonos,RÌ,,,,./compile/../csv/misc.csv
ro,prep,"belül, benne",RÚ,bél,,,./compile/../csv/post-positions.csv
rong,adj,méretű,RÚ,,,,./compile/../csv/misc.csv
rǔ,n,száj,RÙ,,rù,,./compile/../csv/root-words.csv
rua,adj,fekete,RU,,,,./compile/../csv/colors.csv
ruāqh,n,varjú,,[hangutánzó?],rua,,./compile/../csv/animals.csv
ruathua,adj,feketésbarna,RU THU,,,,./compile/../csv/colors.csv
ruayıth,n,holló,YI,,ruayi·th,,./compile/../csv/animals.csv
ruenngār,n,hatalmas alagút (emberi),RU NGA RA,mély fal,,,./compile/../csv/animals.csv
ruia,adj,nedves,RU,,,,./compile/../csv/misc.csv
rúo,n,bél,RÚ,,rú,,./compile/../csv/root-words.csv
rwà,v,húst rág,RÙ,bél,PR rùa,,./compile/../csv/misc.csv
rwao zyūr,adj,teknőctarka szőr,,fekete vörös,,,./compile/../csv/colors.csv
rwei,n,észak,,,,,./compile/../csv/misc.csv
ryéi,n,kő,RÁ,,rái,$,./compile/../csv/root-words.csv
ryeryei,n,anyag,RÁ RÁ,kő,,,./compile/../csv/misc.csv
ryéı fıwaí,n,pikkely,RÁ FI WÁ,kő bőr,rá feiwai,,./compile/../csv/animals.csv
rÿn,v,elbújik,RÌ,gyík,,,./compile/../csv/misc.csv
syā,v,fúj,SA,,sa,,./compile/../csv/root-words.csv
syā,n,harag,SA,,sa,,./compile/../csv/root-words.csv
syā́,pron,ő maga,,,,,./compile/../csv/misc.csv
syaáng,adj,örök,SÁ,csillag > állandó,PR sáang,,./compile/../csv/misc.csv
syaēnha,n,áldozópap,SÀ NA QHA,veréb öl,syai + anqh + ù,,./compile/../csv/religion.csv
syaēnqh,n,áldozat,SÀ NA QHA,veréb öl,syai + anqh,,./compile/../csv/religion.csv
syagh wie,v,békén hagy,syāgh!,hagyj békén!,,,./compile/../csv/misc.csv
syahī,n,Nap,SÁ YÍ,,$,,./compile/../csv/misc.csv
syamm,num,tizenhat,,,,,./compile/../csv/numerals.csv
syamm ūa,num,tizenhét stb.,,,,,./compile/../csv/numerals.csv
syán,n,csillag,SÁ,,,,./compile/../csv/misc.csv
syânn,n,csillag,SÁ,csillag,PR sán,,./compile/../csv/misc.csv
syào,n,lélek,SÀ,,sà,,./compile/../csv/root-words.csv
syarū́,n,levegő,SA RÚ,,,,./compile/../csv/misc.csv
syaruí,n,levegővétel,SA RÚ,,,,./compile/../csv/misc.csv
syau,v,pisil,SÙ,,sù,,./compile/../csv/root-words.csv
syàu,n,vizelet,SÙ,,sù,,./compile/../csv/root-words.csv
sye,v,megmarad,SÁ,csillag > állandó,,,./compile/../csv/misc.csv
sye,conj,ha,,,,,./compile/../csv/misc.csv
syê,v,fél,SÍ,,sí,,./compile/../csv/root-words.csv
syḕ,num,sok,SI,,,,./compile/../csv/numerals.csv
syea,v,"éles fénnyel ragyog, fénylik",SÁ,,,,./compile/../csv/misc.csv
syêa,n,fény,SÁ,,sáa,,./compile/../csv/root-words.csv
syeáng,adj,világos,SÁ,,sáang,,./compile/../csv/misc.csv
syéng,n,kelet,SÍ,,,,./compile/../csv/misc.csv
syénng,part,"tartós, hosszú",SÁ,,,,./compile/../csv/misc.csv
syénng,part,messzi,SÁ,hosszú idő,,,./compile/../csv/misc.csv
syer,adv,most,,,PR sá ri,,./compile/../csv/misc.csv
syer yēng,adv,hamar,,menekülő időben,,,./compile/../csv/misc.csv
syerā,v,ijeszt,SÍ RA,,,,./compile/../csv/misc.csv
syī,n,bajusz,SI,,si,,./compile/../csv/root-words.csv
syia,adj,hideg,SÌ,,,,./compile/../csv/misc.csv
syiá,n,kuvik,,[hangutánzó],,,./compile/../csv/animals.csv
syiao,n,"hagyomány, mondások",YA,sok szavak,BR si yaū,,./compile/../csv/misc.csv
syie,v,fél,SÍ,,,,./compile/../csv/misc.csv
syiegh,adv,hirtelen,SÍ,,,,./compile/../csv/misc.csv
syiéng,pron,együtt,SI NGÍ,együtt mi,syingí > syingé > syíngə > syī́ng > syiéng,,./compile/../csv/misc.csv
syihann,n,találkozás (személyekkel),QHÁ NGA,fej gerinc,"qhá nga > hain, haing, ",,./compile/../csv/misc.csv
syihann,n,"találkozik valakivel, üdvözöl",QHÁ NGA,fej gerinc,"qhá nga > hain, haing, ",,./compile/../csv/misc.csv
syinǎ,adj,"furcsa, különös, jellegzetes",SI NÀ,,BR si nàa,,./compile/../csv/misc.csv
syīnǎ,v,rajzol,SI NÀ,bajusz kép,BR si nǎ,,./compile/../csv/misc.csv
syīnào,n,rajz,SI NÀ,bajusz kép,BR si nào,,./compile/../csv/misc.csv
syir,prep,között,SI,bajusz > együtt,,,./compile/../csv/post-positions.csv
syiu,adj,"kevés, szűkös",SÌ,,sìu,,./compile/../csv/root-words.csv
syiwaiqh,n,hangyaboly,,,,,./compile/../csv/animals.csv
syū,v,nő,SU,növény,su,,./compile/../csv/root-words.csv
syy̌,n,hideg,SÌ,,sì,,./compile/../csv/root-words.csv
syȳ̀,n,tél,SÌ,,,,./compile/../csv/misc.csv
syıaqh,n,írnok,SI SA,bajusz öl,BR sisaqhu,,./compile/../csv/misc.csv
syılīr,n,"ott, az a hely",SÁ RI RA,idő ugrik,BR syáili ra,,./compile/../csv/misc.csv
syımān,adj,"kék, lila",,per. āsemān „ég”,,,./compile/../csv/colors.csv
syımānyé,adj,csillogó fekete/kék/zöld,,,< syımān,,./compile/../csv/colors.csv
syısya,adj,vékony csíkos,SI ,bajusz,sisia,,./compile/../csv/colors.csv
syəiū,n,lúd,SA YU,harag kacsa,,,./compile/../csv/animals.csv
thà,int,nem,THÙ,,thàù,,./compile/../csv/root-words.csv
thā,n,karom,THA,,tha,,./compile/../csv/root-words.csv
thà alāgh,adv,kevésbé,,nem nagyon,,,./compile/../csv/misc.csv
thagh,n,sün,THA XU,tüskés egér,BR thaxu,,./compile/../csv/animals.csv
thái,n,nincs,THÁ,,thá,a dhÿ hatására vette át ezt a jelentést,./compile/../csv/root-words.csv
thào,part,nem,THÀ,,,,./compile/../csv/misc.csv
thàzyan,adv,sose,THÚ zyan,nem + idő,,,./compile/../csv/misc.csv
thê,n,orr,THÍ,,thí,,./compile/../csv/root-words.csv
ther,pron,sehol,THÁ SÁ RI,,AN thá sáili,,./compile/../csv/misc.csv
ther,n,soha,THÁ SÁ RI,nem nappal éjszaka,AN thá sáili,,./compile/../csv/misc.csv
thezyer,adv,most,THÍ SÁ,,,,./compile/../csv/misc.csv
thī,n,fióka,THI,,thi,,./compile/../csv/root-words.csv
thie,pron,itt,THÁ,,,,./compile/../csv/misc.csv
thū̀,v,nincs,,,thàwù,,./compile/../csv/misc.csv
thù yoghin āin ,adv,bármennyire,,nem érdekel [milyen] nagyon,,,./compile/../csv/misc.csv
thù zyerı,conj,még,,,,,./compile/../csv/misc.csv
thuao,v,marad,THÚ WÀ,,,,./compile/../csv/misc.csv
thȳn,n,hely,THÙ,,,,./compile/../csv/misc.csv
thə-,pref,nem-,THÁ,nem,,,./compile/../csv/misc.csv
thəhìa,n,"nyomorult, szerencsétlen",THI SÌ,fióka hideg,AN thisyìa,,./compile/../csv/misc.csv
ū,v,van,WU,áll,wu,,./compile/../csv/root-words.csv
ūa,num,egy,,,,,./compile/../csv/numerals.csv
ufyə,v,áll,WU FA,áll láb,wufa,,./compile/../csv/root-words.csv
uinn,n,dél,,,,,./compile/../csv/misc.csv
umē,v,megtölt,MÍ,szopni,umí,,./compile/../csv/misc.csv
umm,n,öregasszony,MÙ MU,,AN mùmu > mmū,,./compile/../csv/misc.csv
unō,v,kezd,NÚ,szül,,,./compile/../csv/misc.csv
unȳ̀m,n,etető antróp,NÌ MÙ,eszik ember,,,./compile/../csv/misc.csv
uryū,adj,kemény,RÚ,kő,,,./compile/../csv/misc.csv
uyai,v,elkerget,YÁ,"nyúl > elfut, menekül",,,./compile/../csv/misc.csv
ūyiégh,adj,csodálatos,YÍ,hold,,,./compile/../csv/misc.csv
uyù,n,hal,WÙ,,wù,ù,./compile/../csv/root-words.csv
uyurù,n,pelikán,WÙ RÙ,hal száj,,,./compile/../csv/animals.csv
wà zyerı,conj,már,WÀ,"eljött az idő, amikor",wàm zyan,,./compile/../csv/misc.csv
wái,n,pénisz,FÁ,,fá,,./compile/../csv/root-words.csv
waiqh,n,"apró rovar, hangya",,,,,./compile/../csv/animals.csv
wam,v,jön,WÀ,,,,./compile/../csv/misc.csv
wam dhei,v,odajön,,,,,./compile/../csv/misc.csv
wam ruo,v,bejön,WÀ WÀ,megy megy,,,./compile/../csv/misc.csv
wào,n,valaki gyereke,FÀ,,fà,,./compile/../csv/root-words.csv
wào dhei,v,odamegy,,,,,./compile/../csv/misc.csv
waor,v,érkezik,WÀ,,wàr,,./compile/../csv/misc.csv
wau,n,úszik,WÙ,,wù,,./compile/../csv/root-words.csv
wê,v,iszik,WÍ,,wé,,./compile/../csv/root-words.csv
weír,prep,fölött,WÁ,fül,,,./compile/../csv/post-positions.csv
weo,n,lét,WU,áll,PR wàu,,./compile/../csv/misc.csv
wia,n,víz,,,,,./compile/../csv/misc.csv
wiarā,num,többször,,,,,./compile/../csv/misc.csv
winen,num,nyolc,,,,,./compile/../csv/numerals.csv
winēni,num,tíz,,,,,./compile/../csv/numerals.csv
winennū,num,tizenegy,,,,,./compile/../csv/numerals.csv
winenwa,num,kilenc,,,,,./compile/../csv/numerals.csv
winyei,v,beborít,FI NÁ,szőr anya,,,./compile/../csv/misc.csv
wo syie ,adv,darabokban,FU,tojás bajusz > együtt [tojáshéj-utalás],fu si > wo syī > wo syē,,./compile/../csv/misc.csv
woa,v,hajlik,FA,láb > fordul,PR faa,,./compile/../csv/misc.csv
wòm,v,ütközik,FÚ MÙ,,PR fú mù,,./compile/../csv/misc.csv
wonēni,num,tizennégy,,,,,./compile/../csv/numerals.csv
wonnū,num,tizenöt,,,,,./compile/../csv/numerals.csv
woréi,n,alom,FÙ RÁ,ürülék kő,,,./compile/../csv/misc.csv
wōsy,num,három,,,,,./compile/../csv/numerals.csv
wosyá,n,napnegyed,FA,láb > fordul,,,./compile/../csv/misc.csv
wōsyiagh,n,nap,SÁ,,wōsy yiagh,,./compile/../csv/misc.csv
wuo,n,ürülék,FÙ,,fù,,./compile/../csv/root-words.csv
wúo,v,üt,FÚ,,fú,,./compile/../csv/root-words.csv
yā,n,mond,YA,,ya,,./compile/../csv/root-words.csv
ya thā̀ya,adj,"elmondhatlan, kimondhatatlan",YA,,ya thà ia,,./compile/../csv/misc.csv
yaegh,n,hagyomány,YA YA,,yayagh,,./compile/../csv/religion.csv
yagh,v,érdeklődik,YA QHA,szó vadászik,AN yaqha,,./compile/../csv/misc.csv
yái,n,nyúl,YÁ,,yá,,./compile/../csv/animals.csv
yaigh,adj,gyors,YÁ,"nyúl > elfut, menekül",,,./compile/../csv/misc.csv
yānā,v,jelent,YA NÀ,~ ar. yaˀnī ?,,,./compile/../csv/misc.csv
yáng,n,név,YA NGÍ,név én,yange > yang,,./compile/../csv/misc.csv
yannā,v,hisz,YA NÀ,,,,./compile/../csv/misc.csv
yao,n,szó,YA,,,,./compile/../csv/misc.csv
yào,n,tüzelő nő,YÀ,,yà,,./compile/../csv/root-words.csv
yàu,n,vér,YÙ,,yù,,./compile/../csv/root-words.csv
yàu,v,vérzik,YÙ,,yù,,./compile/../csv/root-words.csv
yàur,adj,"vörös, narancssárga, zöld",YÙ,vér,,,./compile/../csv/colors.csv
yê,v,"vonul, megy valahova",YÍ,,yí,,./compile/../csv/root-words.csv
yê,n,hús,RÍ,,rí,$,./compile/../csv/root-words.csv
yē,adv,el,YÁ,"nyúl > elfut, menekül",,,./compile/../csv/misc.csv
yē,n,"föld, talaj",RÁ,,ráa,$,./compile/../csv/root-words.csv
yea,n,hónap,YÍ,hold,yía,,./compile/../csv/misc.csv
yéao,n,hold,YÍ,,yí,$,./compile/../csv/root-words.csv
yēao,n,"slam, összejövetel 2. bölcsesség",YA YA,beszél-beszél,$,,./compile/../csv/misc.csv
yeffe,n,elvisz neki,FÌ,,,,./compile/../csv/misc.csv
yeu,n,három hónap,YÍ,hold,yíu,,./compile/../csv/misc.csv
yī,v,néz,YI,,yi,,./compile/../csv/root-words.csv
yī,n,szem,YI,,yi,,./compile/../csv/root-words.csv
yī ghūa,v,keres,,néz nyom,,,./compile/../csv/misc.csv
yiá,adj,fehér,YÍ,nappal,yía,,./compile/../csv/root-words.csv
yiá,adj,"fényes fehér (csak fémekre, műanyagokra, fényre)",YÍ,nappal,,,./compile/../csv/colors.csv
yian zyan,n,gyerekkor,,,,,./compile/../csv/misc.csv
yìann,n,gyerek,YÌ,,yìan,,./compile/../csv/root-words.csv
yidh,n,tekintet,YI,szem,PR yi tha,,./compile/../csv/misc.csv
yǐng,n,"gonosz, ijesztő",RÌ,,rìng,$,./compile/../csv/root-words.csv
yǐnn,n,kamasz gyerek,YÌ,,yìn,,./compile/../csv/root-words.csv
yoa,n,beszél,YA,,yaa,,./compile/../csv/root-words.csv
ÿrarā,v,balfaszkodik,RA RA,ugrik,,,./compile/../csv/misc.csv
yū,n,kacsa,YU,kacsa,,,./compile/../csv/animals.csv
yuann,n,lúd,YU,,yuan,,./compile/../csv/root-words.csv
yy̌,n,kígyó,RÌ,,rì,$,./compile/../csv/root-words.csv
zyā,n,szél,SA,,sa,,./compile/../csv/root-words.csv
zyàgh,n,zombi,SA NGÀ,,PR sangà,,./compile/../csv/misc.csv
zyái,n,nappal,SÁ,,sá,,./compile/../csv/root-words.csv
zyaio,n,lélegzet,SA,,sa,,./compile/../csv/misc.csv
zyamm,n,idő,SÁ NÍ,,,,./compile/../csv/misc.csv
zyann ngī,v,időt tölt,NGI,,,,./compile/../csv/misc.csv
zyányə,n,hajnal,SÁ NÍ,nappal szürkület,PR sá ní,,./compile/../csv/misc.csv
zyào,n,veréb,SÀ,,sà,,./compile/../csv/animals.csv
zyàoı dhunn,n,mezei veréb,,veréb erdő,,,./compile/../csv/animals.csv
zyār,prep,közben,SÁ,nappal,,,./compile/../csv/post-positions.csv
zyěadh,n,"megjelenés, avatar",SÁ THÀ,nem volt látható,AN syathà,,./compile/../csv/misc.csv
zyéi,n,félelem,SÍ,,síi,,./compile/../csv/root-words.csv
zyéi,n,nappal,SÁ,,,,./compile/../csv/misc.csv
zyer,n,"idő, pillanat",SÁ RI,nappal éjszaka,PR sái li,,./compile/../csv/misc.csv
zyī,v,lát,SI,bajusz,si,,./compile/../csv/root-words.csv
zyia,n,megjelenik,SI,bajusz,sia,,./compile/../csv/root-words.csv
zyìa,adj,"hideg, halott",SÌ,,sìa,,./compile/../csv/root-words.csv
zyie,adj,"öreg, régi, hatalmas",SÍ,fél > hatalom,$,,./compile/../csv/misc.csv
zyīsya,v,ír,SI SA,bajusz öl,BR si sā,,./compile/../csv/misc.csv
zyizyu,n,fű,SU,növény,syisyu,,./compile/../csv/misc.csv
zÿmuó,n,csirke,SÍ MU,,,,./compile/../csv/animals.csv
zyoa,adj,cirmos,SU,levél,,,./compile/../csv/colors.csv
zyoanànng,adj,pettyes,SU NGÀ,cirmos harap,,,./compile/../csv/colors.csv
zyourȳ̀,n,uborka,SU RÌ,zöldség kígyó,,,./compile/../csv/misc.csv
zyu,n,levél,SU,,su,,./compile/../csv/root-words.csv
zyua,n,gyógynövény,SU,,sua,,./compile/../csv/root-words.csv
zyuaghào,n,"csípős fűszer, paprika, gyömbér",SU NGÀ,harapós gyógyfű,MD zyua·ghào,,./compile/../csv/misc.csv
zyuái,n,nyál,SÙ NGÁ,vizelet nyal,BR su ái,,./compile/../csv/misc.csv
zyuo,v,szopik,SÚ,,sú,,./compile/../csv/root-words.csv
zyur,n,minta,SU,növény,,,./compile/../csv/misc.csv
zyūr,adj,"vörös szőrű; homokszínű, világosszöld",SU,levél,,,./compile/../csv/colors.csv
zyỳaqh,part,"hibás, hibázó fél",QHA,"vadászik, lecsap",,,./compile/../csv/misc.csv
zyỳgh,n,hiba,QHA,"vadászik, lecsap",,,./compile/../csv/misc.csv
zyÿqhā,v,"hibázik, elhibáz",QHA,"vadászik, lecsap",,,./compile/../csv/misc.csv
zyỳra,v,ügyetlenül ugrik,RA,ugrik,,,./compile/../csv/misc.csv
zyıǎy,n,beszélgetés,SI YA YA,sok beszél beszél,AN siyaya,,./compile/../csv/misc.csv
zyıēaqh,n,"slam, összejövetel",YA YA,sok beszél beszél,MA źıyayax,,./compile/../csv/misc.csv
zyəmarəgh,n,toll,RA SU,,zu mara·gh,,./compile/../csv/animals.csv
